"ပြည်နယ်/တိုင်း","မြို့နယ်","ကျေးရွာအုပ်စု","ကျေးရွာ","ဦးရေ","ကောင်ရေ","ငွေ","ဦးရေ","ကောင်ရေ","ငွေ","ဦးရေ","ကောင်ရေ","ငွေ","ဦးရေ","ကောင်ရေ","ငွေ","ဦးရေ","ကောင်ရေ","ငွေ","ဦးရေ","ကောင်ရေ","ငွေ","ဦးရေ","ကောင်ရေ","ငွေ","ဦးရေ","ကောင်ရေ","ငွေ"
"မန္တလေးတိုင်းဒေသကြီး","ကျောက်ပန်းတောင်း","အိုင်လျား (မြောက်)","1","26","55","8,700,000","0","0","0","9","9","3,600,000","0","0","0","0","0","0","0","0","0","0","0","0","35","64","12,300,000"
"မန္တလေးတိုင်းဒေသကြီး","ကျောက်ပန်းတောင်း","အင်တောကျယ်","1","2","2","550,000","0","0","0","0","0","0","0","0","0","0","0","0","0","0","0","0","0","0","2","2","550,000"
"မန္တလေးတိုင်းဒေသကြီး","ကျောက်ပန်းတောင်း","ဟင်းခွက်အိုင်","2","54","64","15,850,000","1","7","350,000","55","207","17,150,000","0","0","0","1","7","350,000","26","135","7,350,000","2","1","600,000","139","421","41,650,000"
"မန္တလေးတိုင်းဒေသကြီး","ကျောက်ပန်းတောင်း","သံဘို","1","28","63","12,250,000","0","0","0","12","42","4,350,000","0","0","0","0","0","0","16","102","5,100,000","0","0","0","56","207","21,700,000"
"မန္တလေးတိုင်းဒေသကြီး","ကျောက်ပန်းတောင်း","ဝက်သားချဉ်","1","5","12","4,050,000","0","0","0","2","7","1,700,000","0","0","0","0","0","0","0","0","0","0","0","0","7","19","5,750,000"
"မန္တလေးတိုင်းဒေသကြီး","ကျောက်ပန်းတောင်း","လယ်ယား","1","18","28","5,300,000","0","0","0","9","21","2,400,000","0","0","0","0","0","0","0","0","0","0","0","0","27","49","7,700,000"
"မန္တလေးတိုင်းဒေသကြီး","ကျောက်ပန်းတောင်း","လက်ပံအိုင့်","1","13","33","10,200,000","0","0","0","15","35","8,900,000","0","0","0","0","0","0","10","74","6,800,000","4","17","3,000,000","42","159","28,900,000"
"မန္တလေးတိုင်းဒေသကြီး","ကျောက်ပန်းတောင်း","လက်ပံပြား","1","0","0","0","0","0","0","18","18","4,800,000","0","0","0","0","0","0","0","0","0","0","0","0","18","18","4,800,000"
"မန္တလေးတိုင်းဒေသကြီး","ကျောက်ပန်းတောင်း","လက်ပံပင်","1","80","120","20,700,000","0","0","0","10","18","1,800,000","0","0","0","0","0","0","30","96","4,850,000","3","9","750,000","123","243","28,100,000"
"မန္တလေးတိုင်းဒေသကြီး","ကျောက်ပန်းတောင်း","ရေဆုံး","1","19","19","3,800,000","0","0","0","16","36","3,700,000","0","0","0","0","0","0","2","12","600,000","2","4","600,000","39","71","8,700,000"
"မန္တလေးတိုင်းဒေသကြီး","ကျောက်ပန်းတောင်း","မြင်သာတောင်","1","19","29","5,360,000","0","0","0","132","135","16,000,000","0","0","0","0","0","0","6","9","510,000","0","0","0","157","173","21,870,000"
"မန္တလေးတိုင်းဒေသကြီး","ကျောက်ပန်းတောင်း","မဲဒီး","1","5","9","2,050,000","0","0","0","4","12","1,200,000","0","0","0","0","0","0","0","0","0","0","0","0","9","21","3,250,000"
"မန္တလေးတိုင်းဒေသကြီး","ကျောက်ပန်းတောင်း","မင်းဂေါင်း (တောင်)","2","6","11","2,800,000","0","0","0","16","31","5,350,000","1","5","300,000","0","0","0","3","12","900,000","0","0","0","26","59","9,350,000"
"မန္တလေးတိုင်းဒေသကြီး","ကျောက်ပန်းတောင်း","ဘဲများ (ခေါ်) စီရင်စု","1","5","5","1,300,000","0","0","0","0","0","0","0","0","0","0","0","0","0","0","0","0","0","0","5","5","1,300,000"
"မန္တလေးတိုင်းဒေသကြီး","ကျောက်ပန်းတောင်း","ဒေါင်းလည်","1","0","0","0","0","0","0","75","75","8,900,000","0","0","0","0","0","0","0","0","0","0","0","0","75","75","8,900,000"
"မန္တလေးတိုင်းဒေသကြီး","ကျောက်ပန်းတောင်း","ဒီးဒုတ်ကုန်း","2","42","55","9,750,000","1","4","200,000","63","67","9,850,000","0","0","0","0","0","0","46","180","8,850,000","2","1","350,000","154","307","29,000,000"
"မန္တလေးတိုင်းဒေသကြီး","ကျောက်ပန်းတောင်း","တွင်းဖြူ","2","32","56","12,700,000","0","0","0","45","125","13,850,000","0","0","0","0","0","0","3","26","1,300,000","0","0","0","80","207","27,850,000"
"မန္တလေးတိုင်းဒေသကြီး","ကျောက်ပန်းတောင်း","တံခါးမ","1","17","61","9,800,000","0","0","0","12","14","4,900,000","0","0","0","0","0","0","4","50","1,400,000","1","4","600,000","34","129","16,700,000"
"မန္တလေးတိုင်းဒေသကြီး","ကျောက်ပန်းတောင်း","တောင်ဦး","1","24","30","8,200,000","0","0","0","9","27","2,700,000","0","0","0","0","0","0","4","27","1,400,000","0","0","0","37","84","12,300,000"
"မန္တလေးတိုင်းဒေသကြီး","ကျောက်ပန်းတောင်း","တောင်ပေါ်ဗလုံ","2","35","76","15,350,000","0","0","0","71","214","22,000,000","0","0","0","0","0","0","13","101","5,600,000","0","0","0","119","391","42,950,000"
"မန္တလေးတိုင်းဒေသကြီး","ကျောက်ပန်းတောင်း","တငါ့ကန်","2","57","59","10,550,000","0","0","0","36","93","11,300,000","0","0","0","0","0","0","0","0","0","0","0","0","93","152","21,850,000"
"မန္တလေးတိုင်းဒေသကြီး","ကျောက်ပန်းတောင်း","ဇလင်းတောင်","1","2","0","400,000","0","0","0","1","0","200,000","0","0","0","0","0","0","0","0","0","0","0","0","3","0","600,000"
"မန္တလေးတိုင်းဒေသကြီး","ကျောက်ပန်းတောင်း","ဆူးဖြူကုန်း","1","10","18","3,600,000","0","0","0","0","0","0","0","0","0","0","0","0","5","36","1,800,000","1","2","400,000","16","56","5,800,000"
"မန္တလေးတိုင်းဒေသကြီး","ကျောက်ပန်းတောင်း","ဆုံ","1","18","27","6,100,000","0","0","0","5","16","2,000,000","0","0","0","0","0","0","2","5","400,000","0","0","0","25","48","8,500,000"
"မန္တလေးတိုင်းဒေသကြီး","ကျောက်ပန်းတောင်း","ဆည်ပေါက်","1","38","84","18,700,000","0","0","0","16","73","7,600,000","0","0","0","0","0","0","0","0","0","0","0","0","54","157","26,300,000"
"မန္တလေးတိုင်းဒေသကြီး","ကျောက်ပန်းတောင်း","ဆည်","1","3","3","900,000","0","0","0","0","0","0","0","0","0","0","0","0","0","0","0","0","0","0","3","3","900,000"
"မန္တလေးတိုင်းဒေသကြီး","ကျောက်ပန်းတောင်း","ဆင်တိုင်းကန်","1","62","65","14,400,000","0","0","0","30","53","7,500,000","0","0","0","0","0","0","0","0","0","0","0","0","92","118","21,900,000"
"မန္တလေးတိုင်းဒေသကြီး","ကျောက်ပန်းတောင်း","ဆင်တပ်ကျင်း","1","1","2","400,000","0","0","0","0","0","0","26","4,394","7,900,000","0","0","0","0","0","0","0","0","0","27","4,396","8,300,000"
"မန္တလေးတိုင်းဒေသကြီး","ကျောက်ပန်းတောင်း","ခေါင်းရဲ","1","40","79","16,400,000","0","0","0","12","56","4,700,000","0","0","0","0","0","0","18","136","6,800,000","0","0","0","70","271","27,900,000"
"မန္တလေးတိုင်းဒေသကြီး","ကျောက်ပန်းတောင်း","ခပေါင်းကုန်း","1","11","13","3,200,000","0","0","0","1","3","300,000","0","0","0","0","0","0","0","0","0","0","0","0","12","16","3,500,000"
"မန္တလေးတိုင်းဒေသကြီး","ကျောက်ပန်းတောင်း","ကြို့ပင်သာ","1","12","41","8,900,000","0","0","0","2","5","1,500,000","0","0","0","0","0","0","0","0","0","0","0","0","14","46","10,400,000"
"မန္တလေးတိုင်းဒေသကြီး","ကျောက်ပန်းတောင်း","ကြက်ပြစ်","1","21","63","11,800,000","0","0","0","5","27","2,700,000","0","0","0","0","0","0","4","36","2,100,000","0","0","0","30","126","16,600,000"
"မန္တလေးတိုင်းဒေသကြီး","ကျောက်ပန်းတောင်း","ကြက်ဆူတော","1","58","139","31,400,000","0","0","0","12","57","5,750,000","0","0","0","0","0","0","23","279","13,950,000","0","0","0","93","475","51,100,000"
"မန္တလေးတိုင်းဒေသကြီး","ကျောက်ပန်းတောင်း","ကျောက်စစ်ကန်","1","26","26","6,500,000","0","0","0","9","22","2,300,000","0","0","0","0","0","0","5","25","1,250,000","0","0","0","40","73","10,050,000"
"မန္တလေးတိုင်းဒေသကြီး","ကျောက်ပန်းတောင်း","ကျောက်ခွက်","1","6","6","2,550,000","0","0","0","0","0","0","0","0","0","0","0","0","0","0","0","0","0","0","6","6","2,550,000"
"မန္တလေးတိုင်းဒေသကြီး","ကျောက်ပန်းတောင်း","ကံလွင်","1","7","14","2,425,000","0","0","0","28","34","3,550,000","0","0","0","0","0","0","2","6","300,000","0","0","0","37","54","6,275,000"
"မန္တလေးတိုင်းဒေသကြီး","ကျောက်ပန်းတောင်း","ကမ်းဖြူ","1","30","32","6,000,000","1","2","100,000","31","64","6,300,000","0","0","0","0","0","0","26","62","3,100,000","0","0","0","88","160","15,500,000"
"မန္တလေးတိုင်းဒေသကြီး","ကျောက်ပန်းတောင်း","ကန်ပေါက်","1","48","78","18,000,000","0","0","0","1","1","200,000","0","0","0","0","0","0","0","0","0","0","0","0","49","79","18,200,000"
"မန္တလေးတိုင်းဒေသကြီး","ကျောက်ပန်းတောင်း","ကန်ပတ်လည်","1","13","26","5,250,000","0","0","0","5","15","1,600,000","0","0","0","0","0","0","6","42","2,100,000","0","0","0","24","83","8,950,000"
"မန္တလေးတိုင်းဒေသကြီး","ကျောက်ပန်းတောင်း","ကတော","1","65","104","19,750,000","0","0","0","25","47","6,950,000","0","0","0","0","0","0","9","90","2,500,000","0","0","0","99","241","29,200,000"